{"accuracy": [0.8239455819129944, 0.98965984582901, 0.9908843636512756, 0.8568707704544067, 0.9983673691749573, 0.9998639225959778, 0.9998639225959778, 1.0, 0.9976871013641357, 0.9702040553092957], "loss": [0.5092204213142395, 0.04212755709886551, 0.04394837096333504, 0.3874140977859497, 0.008914818055927753, 0.0003819654812105, 0.0003371753846295178, 2.22219114220934e-05, 0.008949626237154007, 0.13458915054798126], "val_accuracy": [0.9998639822006226, 0.9923830032348633, 0.9703481793403625, 0.9921109676361084, 0.9991838932037354, 1.0, 1.0, 1.0, 0.9058759808540344, 1.0], "val_loss": [0.0021534650586545467, 0.053827136754989624, 0.15086711943149567, 0.019772931933403015, 0.0013784891925752163, 9.577272430760786e-05, 9.146918273472693e-06, 1.888422161755443e-06, 0.25943854451179504, 0.00012699169747065753]}